channel,window,metric,value
N,test,CRPS,65.10449341666666
N,test,MAE,81.76041666666667
N,test,RMSE,141.16594106464444
N,test,coverage_50,0.6979166666666666
N,test,coverage_90,0.9739583333333334
N,full_history,CRPS,29.4132294701389
N,full_history,MAE,38.35625
N,full_history,RMSE,76.51752704083192
N,full_history,coverage_50,0.6326388888888889
N,full_history,coverage_90,0.9555555555555556
D,test,CRPS,28.206078074810602
D,test,MAE,40.365530303030305
D,test,RMSE,109.7540164585692
D,test,coverage_50,0.3333333333333333
D,test,coverage_90,0.5492424242424242
D,full_history,CRPS,40.97282108371212
D,full_history,MAE,58.34015151515152
D,full_history,RMSE,159.85867930295447
D,full_history,coverage_50,0.4863636363636364
D,full_history,coverage_90,0.5823232323232324
