sector,date,actual_incidents,predicted_mean_incidents,predicted_q05_incidents,predicted_q50_incidents,predicted_q95_incidents,within_90pct_interval
Agriculture,2023-01,0.0,0.0,0.0,0.0,0.0,1.0
Agriculture,2023-02,0.0,0.0,0.0,0.0,0.0,1.0
Agriculture,2023-03,0.0,0.0,0.0,0.0,0.0,1.0
Agriculture,2023-04,0.0,0.0,0.0,0.0,0.0,1.0
Agriculture,2023-05,0.0,0.0,0.0,0.0,0.0,1.0
Agriculture,2023-06,0.0,0.0,0.0,0.0,0.0,1.0
Agriculture,2023-07,0.0,0.0,0.0,0.0,0.0,1.0
Agriculture,2023-08,0.0,0.0,0.0,0.0,0.0,1.0
Agriculture,2023-09,0.0,0.0,0.0,0.0,0.0,1.0
Agriculture,2023-10,0.0,0.0,0.0,0.0,0.0,1.0
Agriculture,2023-11,0.0,0.0,0.0,0.0,0.0,1.0
Agriculture,2023-12,0.0,0.0,0.0,0.0,0.0,1.0
Agriculture,2024-01,0.0,0.0,0.0,0.0,0.0,1.0
Agriculture,2024-02,0.0,0.0,0.0,0.0,0.0,1.0
Agriculture,2024-03,0.0,0.0,0.0,0.0,0.0,1.0
Agriculture,2024-04,0.0,0.06726287945585087,0.0,0.0,1.0,1.0
Agriculture,2024-05,0.0,0.10720562390158173,0.0,0.0,1.0,1.0
Agriculture,2024-06,0.0,0.1034526051475204,0.0,0.0,1.0,1.0
Agriculture,2024-07,0.0,0.0751671080842477,0.0,0.0,1.0,1.0
Agriculture,2024-08,0.0,0.06780942777917821,0.0,0.0,1.0,1.0
Agriculture,2024-09,0.0,0.055443548387096774,0.0,0.0,1.0,1.0
Agriculture,2024-10,0.0,0.05552763819095478,0.0,0.0,1.0,1.0
Agriculture,2024-11,0.0,0.08281782603206665,0.0,0.0,1.0,1.0
Agriculture,2024-12,0.0,0.12732528908999496,0.0,0.0,1.0,1.0
Mining,2023-01,0.0,0.01037759439859965,0.0,0.0,0.0,1.0
Mining,2023-02,0.0,0.010625,0.0,0.0,0.0,1.0
Mining,2023-03,0.0,0.0,0.0,0.0,0.0,1.0
Mining,2023-04,0.0,0.0,0.0,0.0,0.0,1.0
Mining,2023-05,0.0,0.0103788920845317,0.0,0.0,0.0,1.0
Mining,2023-06,0.0,0.012251531441430178,0.0,0.0,0.0,1.0
Mining,2023-07,0.0,0.010376297037129641,0.0,0.0,0.0,1.0
Mining,2023-08,0.0,0.01125,0.0,0.0,0.0,1.0
Mining,2023-09,0.0,0.012625,0.0,0.0,0.0,1.0
Mining,2023-10,0.0,0.0105,0.0,0.0,0.0,1.0
Mining,2023-11,0.0,0.0,0.0,0.0,0.0,1.0
Mining,2023-12,0.0,0.010001250156269533,0.0,0.0,0.0,1.0
Mining,2024-01,0.0,0.0,0.0,0.0,0.0,1.0
Mining,2024-02,0.0,0.012375,0.0,0.0,0.0,1.0
Mining,2024-03,0.0,0.020145145145145146,0.0,0.0,0.0,1.0
Mining,2024-04,0.0,0.1465528067311315,0.0,0.0,1.0,1.0
Mining,2024-05,0.0,0.20924666162761402,0.0,0.0,1.0,1.0
Mining,2024-06,0.0,0.19591785309310822,0.0,0.0,1.0,1.0
Mining,2024-07,0.0,0.17309868007542425,0.0,0.0,1.0,1.0
Mining,2024-08,0.0,0.15912518853695323,0.0,0.0,1.0,1.0
Mining,2024-09,1.0,0.13205176529714788,0.0,0.0,1.0,1.0
Mining,2024-10,0.0,0.12296110414052698,0.0,0.0,1.0,1.0
Mining,2024-11,0.0,0.19342237903225806,0.0,0.0,1.0,1.0
Mining,2024-12,0.0,0.23978372941028542,0.0,0.0,1.0,1.0
Utilities,2023-01,0.0,0.010256410256410256,0.0,0.0,0.0,1.0
Utilities,2023-02,0.0,0.0,0.0,0.0,0.0,1.0
Utilities,2023-03,0.0,0.0,0.0,0.0,0.0,1.0
Utilities,2023-04,0.0,0.010754032762285858,0.0,0.0,0.0,1.0
Utilities,2023-05,0.0,0.0,0.0,0.0,0.0,1.0
Utilities,2023-06,0.0,0.0,0.0,0.0,0.0,1.0
Utilities,2023-07,0.0,0.0,0.0,0.0,0.0,1.0
Utilities,2023-08,0.0,0.013888888888888888,0.0,0.0,0.0,1.0
Utilities,2023-09,0.0,0.0,0.0,0.0,0.0,1.0
Utilities,2023-10,0.0,0.0,0.0,0.0,0.0,1.0
Utilities,2023-11,0.0,0.0,0.0,0.0,0.0,1.0
Utilities,2023-12,0.0,0.0,0.0,0.0,0.0,1.0
Utilities,2024-01,0.0,0.011504314117794174,0.0,0.0,0.0,1.0
Utilities,2024-02,0.0,0.0,0.0,0.0,0.0,1.0
Utilities,2024-03,0.0,0.00950950950950951,0.0,0.0,0.0,1.0
Utilities,2024-04,0.0,0.027948364456698835,0.0,0.0,0.0,1.0
Utilities,2024-05,0.0,0.041343021799047856,0.0,0.0,0.0,1.0
Utilities,2024-06,0.0,0.040442099974880685,0.0,0.0,0.0,1.0
Utilities,2024-07,0.0,0.03787783770224508,0.0,0.0,0.0,1.0
Utilities,2024-08,0.0,0.04026593075765178,0.0,0.0,0.0,1.0
Utilities,2024-09,0.0,0.033237175467201806,0.0,0.0,0.0,1.0
Utilities,2024-10,0.0,0.02431077694235589,0.0,0.0,0.0,1.0
Utilities,2024-11,0.0,0.034616831807349806,0.0,0.0,0.0,1.0
Utilities,2024-12,0.0,0.05138190954773869,0.0,0.0,1.0,1.0
Construction,2023-01,0.0,0.0,0.0,0.0,0.0,1.0
Construction,2023-02,0.0,0.0,0.0,0.0,0.0,1.0
Construction,2023-03,0.0,0.0,0.0,0.0,0.0,1.0
Construction,2023-04,0.0,0.0,0.0,0.0,0.0,1.0
Construction,2023-05,0.0,0.0,0.0,0.0,0.0,1.0
Construction,2023-06,0.0,0.0,0.0,0.0,0.0,1.0
Construction,2023-07,0.0,0.0,0.0,0.0,0.0,1.0
Construction,2023-08,0.0,0.0,0.0,0.0,0.0,1.0
Construction,2023-09,0.0,0.0,0.0,0.0,0.0,1.0
Construction,2023-10,0.0,0.0,0.0,0.0,0.0,1.0
Construction,2023-11,0.0,0.0,0.0,0.0,0.0,1.0
Construction,2023-12,0.0,0.0,0.0,0.0,0.0,1.0
Construction,2024-01,0.0,0.0,0.0,0.0,0.0,1.0
Construction,2024-02,0.0,0.0,0.0,0.0,0.0,1.0
Construction,2024-03,0.0,0.009505941213258286,0.0,0.0,0.0,1.0
Construction,2024-04,0.0,0.0661625708884688,0.0,0.0,1.0,1.0
Construction,2024-05,0.0,0.11016203994473056,0.0,0.0,1.0,1.0
Construction,2024-06,0.0,0.10334880220745014,0.0,0.0,1.0,1.0
Construction,2024-07,0.0,0.09563800451240913,0.0,0.0,1.0,1.0
Construction,2024-08,0.0,0.07210386991050044,0.0,0.0,1.0,1.0
Construction,2024-09,0.0,0.059074912016088485,0.0,0.0,1.0,1.0
Construction,2024-10,0.0,0.05390124387485865,0.0,0.0,1.0,1.0
Construction,2024-11,0.0,0.1017182992600025,0.0,0.0,1.0,1.0
Construction,2024-12,0.0,0.12741894948479518,0.0,0.0,1.0,1.0
Manufacturing,2023-01,0.0,0.07997481108312343,0.0,0.0,1.0,1.0
Manufacturing,2023-02,0.0,0.12938816449348045,0.0,0.0,1.0,1.0
Manufacturing,2023-03,0.0,0.09735182849936948,0.0,0.0,1.0,1.0
Manufacturing,2023-04,0.0,0.10592954744891563,0.0,0.0,1.0,1.0
Manufacturing,2023-05,0.0,0.07489929506545821,0.0,0.0,1.0,1.0
Manufacturing,2023-06,0.0,0.07729103726082578,0.0,0.0,1.0,1.0
Manufacturing,2023-07,0.0,0.07085325950163604,0.0,0.0,1.0,1.0
Manufacturing,2023-08,0.0,0.07544322897019992,0.0,0.0,1.0,1.0
Manufacturing,2023-09,0.0,0.11406700966244196,0.0,0.0,1.0,1.0
Manufacturing,2023-10,0.0,0.06877042997234097,0.0,0.0,1.0,1.0
Manufacturing,2023-11,0.0,0.07527016838401608,0.0,0.0,1.0,1.0
Manufacturing,2023-12,1.0,0.06094496104548881,0.0,0.0,1.0,1.0
Manufacturing,2024-01,2.0,0.05608531994981179,0.0,0.0,1.0,0.0
Manufacturing,2024-02,0.0,0.07113233630765364,0.0,0.0,1.0,1.0
Manufacturing,2024-03,0.0,0.07129385137683893,0.0,0.0,1.0,1.0
Manufacturing,2024-04,1.0,0.07829046898638427,0.0,0.0,1.0,1.0
Manufacturing,2024-05,1.0,0.06687617850408548,0.0,0.0,1.0,1.0
Manufacturing,2024-06,1.0,0.09456562854621108,0.0,0.0,1.0,1.0
Manufacturing,2024-07,2.0,0.07475459350616663,0.0,0.0,1.0,0.0
Manufacturing,2024-08,3.0,0.10290799699172724,0.0,0.0,1.0,0.0
Manufacturing,2024-09,0.0,0.07627332324760464,0.0,0.0,1.0,1.0
Manufacturing,2024-10,1.0,0.0658968244006527,0.0,0.0,1.0,1.0
Manufacturing,2024-11,0.0,0.0781033832222362,0.0,0.0,1.0,1.0
Manufacturing,2024-12,0.0,0.09317552253840343,0.0,0.0,1.0,1.0
Wholesale Trade,2023-01,0.0,0.0,0.0,0.0,0.0,1.0
Wholesale Trade,2023-02,0.0,0.0,0.0,0.0,0.0,1.0
Wholesale Trade,2023-03,0.0,0.0,0.0,0.0,0.0,1.0
Wholesale Trade,2023-04,0.0,0.0,0.0,0.0,0.0,1.0
Wholesale Trade,2023-05,0.0,0.0,0.0,0.0,0.0,1.0
Wholesale Trade,2023-06,0.0,0.0,0.0,0.0,0.0,1.0
Wholesale Trade,2023-07,0.0,0.0,0.0,0.0,0.0,1.0
Wholesale Trade,2023-08,0.0,0.0,0.0,0.0,0.0,1.0
Wholesale Trade,2023-09,0.0,0.0,0.0,0.0,0.0,1.0
Wholesale Trade,2023-10,0.0,0.0,0.0,0.0,0.0,1.0
Wholesale Trade,2023-11,0.0,0.0,0.0,0.0,0.0,1.0
Wholesale Trade,2023-12,0.0,0.0,0.0,0.0,0.0,1.0
Wholesale Trade,2024-01,0.0,0.0,0.0,0.0,0.0,1.0
Wholesale Trade,2024-02,1.0,0.0,0.0,0.0,0.0,0.0
Wholesale Trade,2024-03,0.0,0.019524405506883606,0.0,0.0,0.0,1.0
Wholesale Trade,2024-04,0.0,0.1760040287045197,0.0,0.0,1.0,1.0
Wholesale Trade,2024-05,0.0,0.2629527162977867,0.0,0.0,1.0,1.0
Wholesale Trade,2024-06,0.0,0.2580482897384306,0.0,0.0,1.0,1.0
Wholesale Trade,2024-07,1.0,0.2118313404657017,0.0,0.0,1.0,1.0
Wholesale Trade,2024-08,0.0,0.19564396323807126,0.0,0.0,1.0,1.0
Wholesale Trade,2024-09,0.0,0.1510239979896972,0.0,0.0,1.0,1.0
Wholesale Trade,2024-10,0.0,0.14671184738955823,0.0,0.0,1.0,1.0
Wholesale Trade,2024-11,0.0,0.2229652996845426,0.0,0.0,1.0,1.0
Wholesale Trade,2024-12,0.0,0.30114422230604804,0.0,0.0,2.0,1.0
Retail Trade,2023-01,0.0,0.04820333041191937,0.0,0.0,0.0,1.0
Retail Trade,2023-02,0.0,0.05070739952422687,0.0,0.0,1.0,1.0
Retail Trade,2023-03,0.0,0.04974937343358396,0.0,0.0,1.0,1.0
Retail Trade,2023-04,0.0,0.04649122807017544,0.0,0.0,0.0,1.0
Retail Trade,2023-05,0.0,0.05175438596491228,0.0,0.0,1.0,1.0
Retail Trade,2023-06,0.0,0.048102217211574594,0.0,0.0,1.0,1.0
Retail Trade,2023-07,0.0,0.04621164683782091,0.0,0.0,0.0,1.0
Retail Trade,2023-08,0.0,0.043309550632119165,0.0,0.0,0.0,1.0
Retail Trade,2023-09,0.0,0.04483967935871744,0.0,0.0,0.0,1.0
Retail Trade,2023-10,0.0,0.05792377131394182,0.0,0.0,1.0,1.0
Retail Trade,2023-11,0.0,0.049930999874545225,0.0,0.0,1.0,1.0
Retail Trade,2023-12,0.0,0.04557976458802905,0.0,0.0,0.0,1.0
Retail Trade,2024-01,0.0,0.04669504256384577,0.0,0.0,0.0,1.0
Retail Trade,2024-02,0.0,0.044817225838758135,0.0,0.0,0.0,1.0
Retail Trade,2024-03,1.0,0.04981226533166458,0.0,0.0,1.0,1.0
Retail Trade,2024-04,1.0,0.05223600150319429,0.0,0.0,1.0,1.0
Retail Trade,2024-05,0.0,0.04600727090384856,0.0,0.0,0.0,1.0
Retail Trade,2024-06,0.0,0.05191873589164785,0.0,0.0,1.0,1.0
Retail Trade,2024-07,1.0,0.04998747181157605,0.0,0.0,1.0,1.0
Retail Trade,2024-08,2.0,0.047589229805886035,0.0,0.0,0.0,0.0
Retail Trade,2024-09,0.0,0.05671716539376487,0.0,0.0,1.0,1.0
Retail Trade,2024-10,0.0,0.04782772004507324,0.0,0.0,0.0,1.0
Retail Trade,2024-11,0.0,0.054267452061661864,0.0,0.0,1.0,1.0
Retail Trade,2024-12,1.0,0.0530208072198546,0.0,0.0,1.0,1.0
Transportation,2023-01,0.0,0.01764485045676386,0.0,0.0,0.0,1.0
Transportation,2023-02,0.0,0.01451088316237178,0.0,0.0,0.0,1.0
Transportation,2023-03,0.0,0.01764485045676386,0.0,0.0,0.0,1.0
Transportation,2023-04,0.0,0.01725862931465733,0.0,0.0,0.0,1.0
Transportation,2023-05,0.0,0.013383364602876799,0.0,0.0,0.0,1.0
Transportation,2023-06,0.0,0.01726078799249531,0.0,0.0,0.0,1.0
Transportation,2023-07,0.0,0.01575984990619137,0.0,0.0,0.0,1.0
Transportation,2023-08,0.0,0.018143143143143144,0.0,0.0,0.0,1.0
Transportation,2023-09,0.0,0.018893893893893895,0.0,0.0,0.0,1.0
Transportation,2023-10,0.0,0.017396745932415518,0.0,0.0,0.0,1.0
Transportation,2023-11,0.0,0.015400025040691124,0.0,0.0,0.0,1.0
Transportation,2023-12,0.0,0.01678146524733876,0.0,0.0,0.0,1.0
Transportation,2024-01,0.0,0.01639344262295082,0.0,0.0,0.0,1.0
Transportation,2024-02,0.0,0.014884302689180739,0.0,0.0,0.0,1.0
Transportation,2024-03,1.0,0.017627203400425052,0.0,0.0,0.0,0.0
Transportation,2024-04,0.0,0.01463963963963964,0.0,0.0,0.0,1.0
Transportation,2024-05,0.0,0.014643304130162703,0.0,0.0,0.0,1.0
Transportation,2024-06,0.0,0.014766612438993867,0.0,0.0,0.0,1.0
Transportation,2024-07,0.0,0.014889889889889889,0.0,0.0,0.0,1.0
Transportation,2024-08,0.0,0.015648472709063596,0.0,0.0,0.0,1.0
Transportation,2024-09,0.0,0.017150726089133702,0.0,0.0,0.0,1.0
Transportation,2024-10,0.0,0.014761070803102327,0.0,0.0,0.0,1.0
Transportation,2024-11,0.0,0.014519964951808738,0.0,0.0,0.0,1.0
Transportation,2024-12,0.0,0.015259537210756723,0.0,0.0,0.0,1.0
Finance,2023-01,0.0,0.0778405524168236,0.0,0.0,1.0,1.0
Finance,2023-02,0.0,0.0834275662771705,0.0,0.0,1.0,1.0
Finance,2023-03,0.0,0.07837226827430294,0.0,0.0,1.0,1.0
Finance,2023-04,0.0,0.08040642247867537,0.0,0.0,1.0,1.0
Finance,2023-05,0.0,0.07952261306532664,0.0,0.0,1.0,1.0
Finance,2023-06,0.0,0.07809165097300691,0.0,0.0,1.0,1.0
Finance,2023-07,0.0,0.08139972406873197,0.0,0.0,1.0,1.0
Finance,2023-08,0.0,0.08552053246263971,0.0,0.0,1.0,1.0
Finance,2023-09,0.0,0.07729953570084076,0.0,0.0,1.0,1.0
Finance,2023-10,0.0,0.08246385920804525,0.0,0.0,1.0,1.0
Finance,2023-11,0.0,0.08018097272841523,0.0,0.0,1.0,1.0
Finance,2023-12,2.0,0.07307885484681065,0.0,0.0,1.0,0.0
Finance,2024-01,1.0,0.07485556392866113,0.0,0.0,1.0,1.0
Finance,2024-02,4.0,0.08018571966369682,0.0,0.0,1.0,0.0
Finance,2024-03,3.0,0.08361581920903954,0.0,0.0,1.0,0.0
Finance,2024-04,2.0,0.08357384866357134,0.0,0.0,1.0,0.0
Finance,2024-05,2.0,0.0810607012693226,0.0,0.0,1.0,0.0
Finance,2024-06,1.0,0.08165829145728644,0.0,0.0,1.0,1.0
Finance,2024-07,0.0,0.08081315095996988,0.0,0.0,1.0,1.0
Finance,2024-08,0.0,0.08021591765001256,0.0,0.0,1.0,1.0
Finance,2024-09,0.0,0.08162752731382644,0.0,0.0,1.0,1.0
Finance,2024-10,0.0,0.07913217958364685,0.0,0.0,1.0,1.0
Finance,2024-11,0.0,0.08242241487624073,0.0,0.0,1.0,1.0
Finance,2024-12,0.0,0.07723219892000502,0.0,0.0,1.0,1.0
Professional Services,2023-01,0.0,0.03958411624702493,0.0,0.0,0.0,1.0
Professional Services,2023-02,0.0,0.03708343773490353,0.0,0.0,0.0,1.0
Professional Services,2023-03,0.0,0.03392588883324987,0.0,0.0,0.0,1.0
Professional Services,2023-04,0.0,0.053430327354822525,0.0,0.0,1.0,1.0
Professional Services,2023-05,0.0,0.04476489028213166,0.0,0.0,0.0,1.0
Professional Services,2023-06,0.0,0.033170609588183755,0.0,0.0,0.0,1.0
Professional Services,2023-07,0.0,0.03468135720545887,0.0,0.0,0.0,1.0
Professional Services,2023-08,0.0,0.035580055124029064,0.0,0.0,0.0,1.0
Professional Services,2023-09,0.0,0.03981469888568925,0.0,0.0,0.0,1.0
Professional Services,2023-10,0.0,0.04916593503072871,0.0,0.0,1.0,1.0
Professional Services,2023-11,0.0,0.022022022022022022,0.0,0.0,0.0,1.0
Professional Services,2023-12,0.0,0.043342101966679196,0.0,0.0,0.0,1.0
Professional Services,2024-01,1.0,0.07163503833102929,0.0,0.0,1.0,1.0
Professional Services,2024-02,0.0,0.039034154885524835,0.0,0.0,0.0,1.0
Professional Services,2024-03,1.0,0.040075140889167186,0.0,0.0,0.0,0.0
Professional Services,2024-04,1.0,0.04489591171306747,0.0,0.0,0.0,0.0
Professional Services,2024-05,1.0,0.05073464774582444,0.0,0.0,1.0,1.0
Professional Services,2024-06,0.0,0.05157485255364538,0.0,0.0,1.0,1.0
Professional Services,2024-07,1.0,0.07941693892937925,0.0,0.0,1.0,1.0
Professional Services,2024-08,0.0,0.04592797088718785,0.0,0.0,0.0,1.0
Professional Services,2024-09,0.0,0.06750471401634192,0.0,0.0,1.0,1.0
Professional Services,2024-10,0.0,0.054203262233375155,0.0,0.0,1.0,1.0
Professional Services,2024-11,1.0,0.05166144200626959,0.0,0.0,1.0,1.0
Professional Services,2024-12,1.0,0.05717516964061322,0.0,0.0,1.0,1.0
Government,2023-01,0.0,0.0,0.0,0.0,0.0,1.0
Government,2023-02,0.0,0.0,0.0,0.0,0.0,1.0
Government,2023-03,0.0,0.0,0.0,0.0,0.0,1.0
Government,2023-04,0.0,0.0,0.0,0.0,0.0,1.0
Government,2023-05,0.0,0.0,0.0,0.0,0.0,1.0
Government,2023-06,0.0,0.0,0.0,0.0,0.0,1.0
Government,2023-07,0.0,0.0,0.0,0.0,0.0,1.0
Government,2023-08,0.0,0.0,0.0,0.0,0.0,1.0
Government,2023-09,0.0,0.0,0.0,0.0,0.0,1.0
Government,2023-10,0.0,0.0,0.0,0.0,0.0,1.0
Government,2023-11,0.0,0.0,0.0,0.0,0.0,1.0
Government,2023-12,0.0,0.0,0.0,0.0,0.0,1.0
Government,2024-01,0.0,0.0,0.0,0.0,0.0,1.0
Government,2024-02,0.0,0.0,0.0,0.0,0.0,1.0
Government,2024-03,0.0,0.010251281410176272,0.0,0.0,0.0,1.0
Government,2024-04,0.0,0.04068818284566118,0.0,0.0,0.0,1.0
Government,2024-05,0.0,0.05531807895398542,0.0,0.0,1.0,1.0
Government,2024-06,0.0,0.05971277399848828,0.0,0.0,1.0,1.0
Government,2024-07,0.0,0.04814582023884349,0.0,0.0,1.0,1.0
Government,2024-08,0.0,0.04744571356846994,0.0,0.0,1.0,1.0
Government,2024-09,0.0,0.03938291734604289,0.0,0.0,0.0,1.0
Government,2024-10,0.0,0.03889097980178146,0.0,0.0,0.0,1.0
Government,2024-11,0.0,0.05610768650144672,0.0,0.0,1.0,1.0
Government,2024-12,0.0,0.06542291692928275,0.0,0.0,1.0,1.0
