topic,topic_label,date,mean_cves_per_month,q05_cves_per_month,q10_cves_per_month,q25_cves_per_month,q50_cves_per_month,q75_cves_per_month,q90_cves_per_month,q95_cves_per_month
0,Cross-Site Request Forgery,2025-01,616.6878787878788,236.95,291.9,397.0,565.5,783.0,1047.3000000000004,1280.05
0,Cross-Site Request Forgery,2025-02,594.7924242424242,204.95,263.9,379.0,544.5,771.25,1039.1000000000001,1233.5499999999995
0,Cross-Site Request Forgery,2025-03,574.8222222222222,200.0,255.0,359.75,516.5,725.0,1024.1000000000001,1263.05
0,Cross-Site Request Forgery,2025-04,576.6287878787879,193.0,251.9,361.0,518.0,738.0,1016.4000000000005,1258.2499999999998
0,Cross-Site Request Forgery,2025-05,559.1944444444445,180.95,232.0,338.0,503.0,730.0,991.3000000000004,1240.2499999999998
0,Cross-Site Request Forgery,2025-06,557.2651515151515,171.0,220.0,328.0,487.5,712.0,1002.8000000000011,1333.4999999999995
0,Cross-Site Request Forgery,2025-07,540.1015151515152,170.95,220.0,316.0,468.0,692.25,991.3000000000004,1285.0
0,Cross-Site Request Forgery,2025-08,527.8919191919192,160.0,209.0,308.0,464.5,673.0,988.1000000000001,1230.1
0,Cross-Site Request Forgery,2025-09,528.0520202020202,140.95,195.0,291.0,448.0,660.75,1007.6000000000008,1282.1499999999999
0,Cross-Site Request Forgery,2025-10,518.0060606060606,136.0,187.0,290.0,439.5,662.25,992.3000000000004,1254.1999999999998
0,Cross-Site Request Forgery,2025-11,518.029797979798,145.9,195.0,292.0,442.5,657.25,983.1000000000001,1274.4499999999996
0,Cross-Site Request Forgery,2025-12,504.9106060606061,138.0,193.9,291.0,438.0,639.0,954.1000000000001,1236.05
1,Denial of Service,2025-01,636.9186868686869,339.0,394.9,494.0,613.5,770.0,943.2000000000003,1053.1499999999999
1,Denial of Service,2025-02,661.3176767676767,320.0,388.9,496.75,635.0,799.0,1019.1000000000001,1165.05
1,Denial of Service,2025-03,705.6565656565657,346.0,421.0,529.0,674.0,849.5,1067.0,1290.2999999999997
1,Denial of Service,2025-04,740.2732323232324,347.95,409.9,539.0,700.0,904.0,1148.5000000000007,1376.2499999999998
1,Denial of Service,2025-05,776.4686868686869,364.0,439.0,561.0,738.5,954.5,1220.1000000000001,1432.0
1,Denial of Service,2025-06,805.3954545454545,365.95,434.0,576.0,758.0,983.25,1279.1000000000001,1522.1499999999999
1,Denial of Service,2025-07,827.8494949494949,377.75,447.0,583.75,777.0,1014.0,1320.0,1591.1999999999998
1,Denial of Service,2025-08,856.9131313131313,359.0,454.0,602.0,801.5,1072.25,1416.3000000000004,1664.1499999999999
1,Denial of Service,2025-09,895.5782828282828,375.95,465.9,623.0,830.0,1132.25,1494.0,1795.1999999999998
1,Denial of Service,2025-10,931.439898989899,384.9,472.0,627.75,865.0,1159.75,1550.1000000000001,1833.2499999999998
1,Denial of Service,2025-11,953.3353535353535,394.0,485.0,658.0,885.0,1202.25,1553.2000000000003,1908.0
1,Denial of Service,2025-12,988.2611111111111,412.95,510.0,679.0,905.0,1224.0,1649.2000000000003,1992.3999999999996
2,SQL Injection,2025-01,352.82272727272726,162.0,190.0,247.75,333.0,439.0,567.1000000000001,655.0
2,SQL Injection,2025-02,396.26313131313134,157.0,190.0,262.0,365.0,503.25,664.1000000000001,802.05
2,SQL Injection,2025-03,429.5456839979808,152.0,206.0,280.75,386.0,542.0,742.0,900.2499999999998
2,SQL Injection,2025-04,456.9707070707071,163.95,206.0,292.0,414.0,585.0,795.1000000000001,963.3499999999997
2,SQL Injection,2025-05,476.5570707070707,158.0,212.0,296.0,428.0,604.0,850.1000000000001,1064.2999999999997
2,SQL Injection,2025-06,489.3979797979798,158.9,216.9,309.0,440.0,633.0,868.2000000000003,1070.05
2,SQL Injection,2025-07,512.689898989899,166.95,214.0,320.0,462.0,660.0,909.1000000000001,1131.05
2,SQL Injection,2025-08,519.680303030303,169.9,222.0,323.5,462.0,666.0,926.1000000000001,1164.05
2,SQL Injection,2025-09,522.7555555555556,163.0,220.0,324.0,463.5,678.0,948.2000000000003,1164.4499999999996
2,SQL Injection,2025-10,545.520202020202,163.0,227.0,332.0,481.0,693.25,1001.1000000000001,1239.1499999999999
2,SQL Injection,2025-11,549.1691919191919,183.0,230.0,328.0,487.5,698.25,984.1000000000001,1262.1
2,SQL Injection,2025-12,547.6560606060606,169.0,236.9,340.0,487.5,701.0,984.2000000000003,1227.1499999999999
3,Remote Code Execution,2025-01,1086.3247474747475,552.85,649.9,814.5,1048.0,1323.5,1646.3000000000004,1865.0
3,Remote Code Execution,2025-02,1142.7419191919191,475.95,600.8,806.0,1085.0,1421.25,1858.2000000000003,2176.05
3,Remote Code Execution,2025-03,1185.290404040404,464.95,586.8,796.0,1098.5,1513.5,1994.4000000000005,2277.45
3,Remote Code Execution,2025-04,1221.7747474747475,443.95,560.8,821.0,1149.0,1577.0,2070.600000000001,2426.3999999999996
3,Remote Code Execution,2025-05,1234.9525252525252,435.0,564.9,807.0,1150.5,1589.25,2119.2000000000003,2454.899999999999
3,Remote Code Execution,2025-06,1221.679797979798,409.8,542.9,785.0,1144.5,1566.0,2075.0,2482.05
3,Remote Code Execution,2025-07,1252.8813131313132,378.8,525.8,779.0,1141.5,1630.0,2232.2000000000003,2705.1
3,Remote Code Execution,2025-08,1240.7873737373736,366.9,518.9,760.75,1139.5,1587.25,2203.1000000000004,2675.05
3,Remote Code Execution,2025-09,1265.550505050505,363.8,515.0,803.75,1155.5,1648.25,2235.2000000000003,2656.25
3,Remote Code Execution,2025-10,1239.9469696969697,367.95,522.9,767.75,1127.0,1613.25,2238.3,2691.5499999999993
3,Remote Code Execution,2025-11,1242.1510101010101,380.0,517.9,775.0,1155.0,1607.25,2176.4000000000005,2572.2999999999997
3,Remote Code Execution,2025-12,1251.921717171717,354.0,496.9,780.5,1140.0,1639.75,2228.1000000000004,2645.949999999999
4,Miscellaneous Vulnerabilities,2025-01,278.030303030303,72.0,94.0,148.0,235.0,369.0,533.1000000000001,676.05
4,Miscellaneous Vulnerabilities,2025-02,276.23383838383836,63.0,86.9,136.0,219.5,349.0,561.0,754.4499999999996
4,Miscellaneous Vulnerabilities,2025-03,264.2969696969697,52.0,73.0,122.75,209.0,338.25,546.1000000000001,757.1999999999998
4,Miscellaneous Vulnerabilities,2025-04,249.79141414141415,43.0,62.0,106.0,184.0,327.0,549.0,742.2999999999997
4,Miscellaneous Vulnerabilities,2025-05,246.33131313131312,34.0,54.0,95.0,177.0,312.25,566.2000000000003,812.05
4,Miscellaneous Vulnerabilities,2025-06,226.70858585858585,31.0,48.0,90.0,165.0,293.0,503.10000000000014,716.1999999999998
4,Miscellaneous Vulnerabilities,2025-07,215.49848484848485,25.950000000000003,41.0,76.0,147.0,276.0,507.10000000000014,727.1499999999999
4,Miscellaneous Vulnerabilities,2025-08,212.13030303030303,25.0,40.0,75.0,144.0,266.25,482.10000000000014,695.2999999999997
4,Miscellaneous Vulnerabilities,2025-09,208.12626262626262,22.0,34.0,66.0,131.5,256.25,486.2000000000003,763.5999999999995
4,Miscellaneous Vulnerabilities,2025-10,197.55454545454546,19.950000000000003,31.0,63.0,125.0,250.0,458.0,697.0999999999999
4,Miscellaneous Vulnerabilities,2025-11,183.37474747474747,18.0,29.0,58.0,119.0,231.0,423.0,616.05
4,Miscellaneous Vulnerabilities,2025-12,175.3540404040404,17.0,26.0,51.0,108.0,225.0,432.2000000000003,620.0
5,Information Disclosure,2025-01,198.6409090909091,82.0,101.9,135.0,187.0,247.0,324.0,386.0
5,Information Disclosure,2025-02,205.35555555555555,81.0,101.0,142.0,194.0,257.0,338.0,397.04999999999995
5,Information Disclosure,2025-03,215.46969696969697,82.0,103.0,149.0,203.0,273.0,359.0,423.0
5,Information Disclosure,2025-04,227.3090909090909,88.0,111.9,147.75,208.0,289.0,382.0,464.0
5,Information Disclosure,2025-05,242.98333333333332,94.0,113.0,154.0,218.0,307.0,420.0,527.05
5,Information Disclosure,2025-06,244.2590909090909,93.95,116.0,159.0,222.0,311.0,426.0,512.3499999999997
5,Information Disclosure,2025-07,258.10555555555555,91.95,114.9,168.75,234.5,324.0,444.2000000000003,554.0
5,Information Disclosure,2025-08,263.4252525252525,89.0,119.9,166.0,239.5,333.0,465.2000000000003,558.0999999999999
5,Information Disclosure,2025-09,270.7292929292929,88.0,120.9,171.0,242.0,342.0,480.10000000000014,598.0999999999999
5,Information Disclosure,2025-10,281.2030303030303,89.95,126.0,180.0,257.0,360.0,495.0,602.0999999999999
5,Information Disclosure,2025-11,289.94191919191917,96.0,129.0,179.0,262.0,376.0,516.2000000000003,621.0
5,Information Disclosure,2025-12,294.05454545454546,95.95,126.9,183.0,263.0,381.25,523.0,625.0999999999999
6,Miscellaneous Vulnerabilities,2025-01,431.2292929292929,79.0,112.9,190.0,333.0,576.0,942.3000000000004,1209.1
6,Miscellaneous Vulnerabilities,2025-02,456.4313131313131,76.0,119.0,210.0,358.5,599.0,945.2000000000003,1311.1
6,Miscellaneous Vulnerabilities,2025-03,455.75151515151515,84.0,120.0,209.0,363.0,601.0,945.1000000000001,1266.1499999999999
6,Miscellaneous Vulnerabilities,2025-04,460.5207070707071,83.0,120.9,210.75,362.5,621.0,972.2000000000003,1255.1499999999999
6,Miscellaneous Vulnerabilities,2025-05,490.7707070707071,83.95,119.9,216.0,382.0,638.0,1072.1000000000001,1431.6999999999994
6,Miscellaneous Vulnerabilities,2025-06,494.0686868686869,86.0,123.0,210.0,373.5,643.0,1070.2000000000003,1461.5999999999995
6,Miscellaneous Vulnerabilities,2025-07,490.99141414141417,79.0,118.0,210.0,383.5,659.0,1022.4000000000005,1405.0
6,Miscellaneous Vulnerabilities,2025-08,519.0212121212121,86.0,125.0,216.0,407.0,677.0,1151.0,1506.05
6,Miscellaneous Vulnerabilities,2025-09,511.93939393939394,83.95,124.9,215.0,390.5,690.25,1073.2000000000003,1487.1
6,Miscellaneous Vulnerabilities,2025-10,519.4782828282828,84.0,128.0,217.0,386.0,684.25,1161.1000000000001,1541.2499999999998
6,Miscellaneous Vulnerabilities,2025-11,525.7404040404041,81.95,129.9,222.0,404.0,708.25,1155.3000000000004,1515.4499999999996
6,Miscellaneous Vulnerabilities,2025-12,551.2151515151515,85.85000000000001,138.9,239.75,414.0,711.5,1188.9000000000012,1650.3999999999996
7,Cross-Site Scripting,2025-01,233.48838383838384,125.0,143.0,178.0,226.0,282.0,347.0,400.04999999999995
7,Cross-Site Scripting,2025-02,255.6590909090909,123.95,145.0,186.75,240.0,309.25,398.2000000000003,476.04999999999995
7,Cross-Site Scripting,2025-03,272.0984848484849,124.0,148.0,194.75,254.0,329.25,430.0,523.1499999999999
7,Cross-Site Scripting,2025-04,289.97525252525253,129.0,154.0,204.0,267.0,350.0,471.10000000000014,577.0
7,Cross-Site Scripting,2025-05,307.44747474747476,128.95,159.9,212.0,278.0,369.0,509.0,635.05
7,Cross-Site Scripting,2025-06,322.18535353535356,135.0,171.9,221.0,291.0,392.25,534.0,663.0
7,Cross-Site Scripting,2025-07,332.85858585858585,134.95,169.0,228.0,297.0,407.25,562.1000000000001,720.0999999999999
7,Cross-Site Scripting,2025-08,347.9489898989899,137.0,167.9,228.75,310.0,424.0,606.0,780.05
7,Cross-Site Scripting,2025-09,366.510101010101,144.0,175.0,238.0,319.5,441.0,647.2000000000003,839.1999999999998
7,Cross-Site Scripting,2025-10,379.7383838383838,144.0,178.9,241.0,331.0,459.25,699.1000000000001,890.1499999999999
7,Cross-Site Scripting,2025-11,392.4106060606061,149.0,188.0,248.0,333.0,470.25,717.3000000000004,969.05
7,Cross-Site Scripting,2025-12,392.55454545454546,154.95,190.9,250.75,336.5,468.5,705.2000000000003,942.1999999999998
