scope,horizon_months,mean_usd_total,sd_usd_total,VaR95_usd_total,ES95_usd_total,q05_usd_total,q50_usd_total,q95_usd_total
Agriculture,12,4103277235.354,192004408.72794703,4423122529.599999,4581065994.0,3843573812.0,4085129504.0,4423122529.599999
Mining,12,4002634837.962,174373443.5296281,4293300635.1999993,4437136261.72,3766966908.8,3986165600.0,4293300635.1999993
Utilities,12,2839224395.398,77630635.10018682,2961085436.7999997,3021133360.08,2739427617.6,2835186032.0,2961085436.7999997
Construction,12,5747295252.536,53445744.864773065,5835006718.4,5874196265.2,5675163217.6,5743795504.0,5835006718.4
Manufacturing,12,27599390669.336,2406451419.7197094,31620101036.799988,33620819291.04,24339975209.6,27364952128.0,31620101036.799988
Wholesale Trade,12,5724756883.024,19065902.573440954,5756920108.8,5772888571.36,5699561889.6,5722961632.0,5756920108.8
Retail Trade,12,1581425483.6721365,320625912.39150727,2160669175.5999994,2530433042.9101562,1206341178.6,1525108143.5,2160669175.5999994
Transportation,12,2706607606.042,313168267.5880312,3228562938.599999,3643767010.99,2370701292.0,2652289936.0,3228562938.599999
Finance,12,21736695942.848,2016695536.1302605,25148737875.199997,26526626584.0,18916053728.0,21595657280.0,25148737875.199997
Professional Services,12,49377903629.54,2133431268.3333638,50825134131.2,51312385877.76,46276510160.0,49744824576.0,50825134131.2
Government,12,11711874263.696,13698062.241255086,11731451772.8,11741498760.8,11694440342.4,11711667808.0,11731451772.8
aggregate,12,137131086199.40814,6935244421.441604,147645441102.4,152566060736.50876,128220364748.0,136904861106.0,147645441102.4
