date,Regime 1 (low activity),Regime 2 (elevated),Regime 3 (high activity),period
2010-01,4.1192093881891023e-44,0.25,0.75,history
2010-02,4.8621155431129063e-36,0.25,0.75,history
2010-03,3.332367177300057e-48,0.25,0.75,history
2010-04,9.877926022215521e-55,0.25,0.75,history
2010-05,1.0906178481815745e-60,0.25,0.75,history
2010-06,3.2829927711235555e-51,0.25,0.75,history
2010-07,8.631025449623205e-49,0.25,0.75,history
2010-08,1.090256723111072e-36,0.25,0.75,history
2010-09,2.1034063938177453e-50,0.25,0.75,history
2010-10,1.0303964396568343e-36,0.25,0.75,history
2010-11,1.0535410474158952e-37,0.25,0.75,history
2010-12,8.5108653882131805e-47,0.25,0.75,history
2011-01,6.243652287596278e-41,0.25,0.75,history
2011-02,5.127380378674934e-41,0.25,0.75,history
2011-03,5.09236685414549e-52,0.25,0.75,history
2011-04,6.70671432926577e-48,0.25,0.75,history
2011-05,1.8062425417024838e-41,0.25,0.75,history
2011-06,1.6352315697422263e-43,0.25,0.75,history
2011-07,6.821902807669239e-43,0.25,0.75,history
2011-08,7.197063194611692e-43,0.25,0.75,history
2011-09,1.476590093724457e-49,0.25,0.75,history
2011-10,2.57675161701694e-49,0.25,0.75,history
2011-11,3.1601316373010612e-46,0.25,0.75,history
2011-12,1.0040586184953348e-41,0.25,0.75,history
2012-01,1.1391999056809185e-36,0.25,0.75,history
2012-02,3.737626902107773e-39,0.25,0.75,history
2012-03,1.0277960089715106e-37,0.25,0.75,history
2012-04,4.375618491609955e-33,0.25,0.75,history
2012-05,1.5911219732776326e-39,0.25,0.75,history
2012-06,1.1363450725467534e-47,0.25,0.75,history
2012-07,3.320607669560869e-56,0.25,0.75,history
2012-08,1.3532421024886282e-62,0.25,0.75,history
2012-09,9.049814242542287e-58,0.25,0.75,history
2012-10,1.5949098884291637e-56,0.25,0.75,history
2012-11,2.1393408627951702e-42,0.25,0.75,history
2012-12,1.8247210054963274e-50,0.25,0.75,history
2013-01,1.2412796987895995e-43,0.25,0.75,history
2013-02,1.0039031404908103e-37,0.25,0.75,history
2013-03,7.91088183922627e-63,0.25,0.75,history
2013-04,4.931540030493425e-37,0.25,0.75,history
2013-05,3.6668991616257245e-43,0.25,0.75,history
2013-06,5.171120611679898e-40,0.25,0.75,history
2013-07,6.407023379387549e-45,0.25,0.75,history
2013-08,2.1369499832028116e-51,0.25,0.75,history
2013-09,3.1629031260693115e-36,0.25,0.75,history
2013-10,3.76755423169472e-43,0.25,0.75,history
2013-11,2.6861467197967314e-43,0.25,0.75,history
2013-12,6.563573485151343e-49,0.25,0.75,history
2014-01,2.5762150975960212e-48,0.25,0.75,history
2014-02,1.985283507832035e-39,0.25,0.75,history
2014-03,6.0952150245535275e-55,0.25,0.75,history
2014-04,1.0954024683644454e-44,0.25,0.75,history
2014-05,6.12449715274367e-46,0.25,0.75,history
2014-06,1.0189004657741715e-42,0.25,0.75,history
2014-07,2.845478981225712e-53,0.25,0.75,history
2014-08,2.1977454916536283e-45,0.25,0.75,history
2014-09,6.056719882664467e-50,0.25,0.75,history
2014-10,8.514833079664368e-57,0.25,0.75,history
2014-11,1.0069733895150425e-40,0.25,0.75,history
2014-12,9.106112356047965e-44,0.25,0.75,history
2015-01,5.377518092864875e-50,0.25,0.75,history
2015-02,6.108687923619246e-43,0.25,0.75,history
2015-03,1.647746372791799e-46,0.25,0.75,history
2015-04,3.3225843576230565e-49,0.25,0.75,history
2015-05,5.9348291555685125e-37,0.25,0.75,history
2015-06,5.511570627050806e-58,0.25,0.75,history
2015-07,8.52741703953567e-42,0.25,0.75,history
2015-08,1.5002987851124375e-45,0.25,0.75,history
2015-09,2.6523270887287835e-44,0.25,0.75,history
2015-10,6.6271279079893346e-46,0.25,0.75,history
2015-11,3.267155399770602e-33,0.25,0.75,history
2015-12,0.25,0.5,0.25,history
2016-01,0.25,0.5,0.25,history
2016-02,0.25,0.5,0.25,history
2016-03,0.25,0.5,0.25,history
2016-04,0.25,0.5,0.25,history
2016-05,0.25,0.5,0.25,history
2016-06,0.25,0.5,0.25,history
2016-07,0.25,0.5,0.25,history
2016-08,0.25,0.5,0.25,history
2016-09,0.25,0.5,0.25,history
2016-10,0.25,0.5,0.25,history
2016-11,0.25,0.5,0.25,history
2016-12,0.25,0.5,0.25,history
2017-01,0.25,0.5,0.25,history
2017-02,0.25,0.5,0.25,history
2017-03,0.25,0.5,0.25,history
2017-04,0.25,0.5,0.25,history
2017-05,0.25,0.5,0.25,history
2017-06,0.25,0.5,0.25,history
2017-07,0.25,0.5,0.25,history
2017-08,0.25,0.5,0.25,history
2017-09,0.25,0.5,0.25,history
2017-10,0.25,0.5,0.25,history
2017-11,0.25,0.5,0.25,history
2017-12,0.25,0.5,0.25,history
2018-01,0.25,0.5,0.25,history
2018-02,0.25,0.5,0.25,history
2018-03,0.25,0.5,0.25,history
2018-04,0.25,0.5,0.25,history
2018-05,0.25,0.5,0.25,history
2018-06,0.25,0.5,0.25,history
2018-07,0.25,0.5,0.25,history
2018-08,0.25,0.5,0.25,history
2018-09,0.25,0.5,0.25,history
2018-10,0.25,0.5,0.25,history
2018-11,0.25,0.5,0.25,history
2018-12,0.25,0.5,0.25,history
2019-01,0.25,0.5,0.25,history
2019-02,0.25,0.5,0.25,history
2019-03,0.25,0.5,0.25,history
2019-04,0.25,0.5,0.25,history
2019-05,0.25,0.5,0.25,history
2019-06,0.25,0.5,0.25,history
2019-07,0.25,0.5,0.25,history
2019-08,0.25,0.5,0.25,history
2019-09,0.25,0.5,0.25,history
2019-10,0.25,0.5,0.25,history
2019-11,0.25,0.5,0.25,history
2019-12,0.25,0.5,0.25,history
2020-01,0.25,0.5,0.25,history
2020-02,0.25,0.5,0.25,history
2020-03,0.25,0.5,0.25,history
2020-04,0.25,0.5,0.25,history
2020-05,0.25,0.5,0.25,history
2020-06,0.25,0.5,0.25,history
2020-07,0.25,0.5,0.25,history
2020-08,0.25,0.5,0.25,history
2020-09,0.25,0.5,0.25,history
2020-10,0.25,0.5,0.25,history
2020-11,0.25,0.5,0.25,history
2020-12,0.25,0.5,0.25,history
2021-01,0.25,0.5,0.25,history
2021-02,0.25,0.5,0.25,history
2021-03,0.25,0.5,0.25,history
2021-04,0.25,0.5,0.25,history
2021-05,0.25,0.5,0.25,history
2021-06,0.25,0.5,0.25,history
2021-07,0.25,0.5,0.25,history
2021-08,0.25,0.5,0.25,history
2021-09,0.25,0.5,0.25,history
2021-10,0.25,0.5,0.25,history
2021-11,0.25,0.5,0.25,history
2021-12,0.25,0.5,0.25,history
2022-01,0.25,0.5,0.25,history
2022-02,0.25,0.5,0.25,history
2022-03,0.25,0.5,0.25,history
2022-04,0.25,0.5,0.25,history
2022-05,0.25,0.5,0.25,history
2022-06,0.25,0.5,0.25,history
2022-07,0.25,0.5,0.25,history
2022-08,0.25,0.5,0.25,history
2022-09,0.25,0.5,0.25,history
2022-10,0.25,0.5,0.25,history
2022-11,0.25,0.5,0.25,history
2022-12,0.25,0.5,0.25,history
2023-01,0.25,0.5,0.25,history
2023-02,0.25,0.5,0.25,history
2023-03,0.25,0.5,0.25,history
2023-04,0.25,0.5,0.25,history
2023-05,0.25,0.5,0.25,history
2023-06,0.25,0.5,0.25,history
2023-07,0.25,0.5,0.25,history
2023-08,0.25,0.5,0.25,history
2023-09,0.25,0.5,0.25,history
2023-10,0.25,0.5,0.25,history
2023-11,0.25,0.5,0.25,history
2023-12,0.25,0.5,0.25,history
2024-01,0.25,0.5,0.25,history
2024-02,0.25,0.5,0.25,history
2024-03,0.25,0.5,0.25,history
2024-04,0.25,0.5,0.25,history
2024-05,0.25,0.5,0.25,history
2024-06,0.25,0.5,0.25,history
2024-07,0.25,0.5,0.25,history
2024-08,0.25,0.5,0.25,history
2024-09,0.25,0.5,0.25,history
2024-10,0.25,0.5,0.25,history
2024-11,0.25,0.5,0.25,history
2024-12,0.25,0.5,0.25,history
2025-01,0.25097029495741296,0.49289263689052315,0.25613706734504194,forecast
2025-02,0.2488244358533295,0.48563187959086074,0.26554368295286573,forecast
2025-03,0.24565781853527904,0.47900397327767913,0.2753382057997745,forecast
2025-04,0.24211791567050125,0.4730634083641351,0.2848186728044837,forecast
2025-05,0.23850347458970125,0.46772152529658156,0.29377499618874187,forecast
2025-06,0.23495481339305854,0.4628995025089966,0.30214567941738474,forecast
2025-07,0.2315451821926766,0.4585258346913533,0.3099289776874117,forecast
2025-08,0.22830852517582848,0.45454481238888317,0.31714665626555943,forecast
2025-09,0.22525950195470495,0.4509096640445373,0.3238308270960107,forecast
2025-10,0.22240079113215902,0.44758218061119265,0.330017020622471,forecast
2025-11,0.21972888180238426,0.4445298297379217,0.335741280101165,forecast
2025-12,0.21723651668953434,0.4417249459318543,0.3410385283003713,forecast
