rank,sector,exposure_index_mean,exposure_index_q05,exposure_index_q95,loss_contribution_pct,dominant_threat_topics
1,Professional Services,0.0002621290446351383,0.0002465932654710438,0.00026477782339497937,36.526975708790225,Remote Code Execution; SQL Injection
2,Manufacturing,0.00010666010913121669,7.053379858916742e-05,0.00015202851333621462,19.84814240866274,Remote Code Execution; SQL Injection
3,Finance,0.00013745957167597423,0.00010249314561103044,0.00017482778445507087,15.59916534061636,Remote Code Execution; SQL Injection
4,Government,0.0002647943911142647,0.0002647943911142647,0.0002647943911142647,8.690724228538919,Remote Code Execution; SQL Injection
5,Construction,0.0002647943911142647,0.0002647943911142647,0.0002647943911142647,4.251693607267263,Remote Code Execution; SQL Injection
6,Wholesale Trade,0.0002647943911142647,0.0002647943911142647,0.0002647943911142647,4.243580755822552,Remote Code Execution; SQL Injection
7,Agriculture,0.0002647943911142647,0.0002647943911142647,0.0002647943911142647,2.9950778343746522,Remote Code Execution; SQL Injection
8,Mining,0.0002647943911142647,0.0002647943911142647,0.0002647943911142647,2.924967845919904,Remote Code Execution; SQL Injection
9,Utilities,0.0002647943911142647,0.0002647943911142647,0.0002647943911142647,2.0850536514789337,Remote Code Execution; SQL Injection
10,Transportation,5.111835161733908e-05,3.45971848219051e-05,7.62683067553856e-05,1.875092076008698,Remote Code Execution; Miscellaneous Vulnerabilities
11,Retail Trade,7.111361038341586e-05,4.9116908220033416e-05,0.00010191773086868729,0.9595265425197689,Remote Code Execution; SQL Injection
