lag_months,cov_mean,cov_q05,cov_q95
0,0.44466906756162644,0.2069452039897442,0.9200722336769104
1,0.44364813988407453,0.20645384341478348,0.917845219373703
2,0.4406351134677728,0.20500367060303687,0.9112729847431184
3,0.43577090789874395,0.2026652216911316,0.9006627351045609
4,0.4292650441328684,0.1995392121374607,0.8864715516567231
5,0.42136566412945586,0.19574364200234412,0.8692407608032228
6,0.4123298154522975,0.19152309820055963,0.8495309531688691
7,0.4023997806260983,0.1872543528676033,0.8278706967830659
8,0.3917880663027366,0.18270851001143457,0.8047234863042833
9,0.3806707393626372,0.17794608548283578,0.7830622553825379
10,0.3691871335109075,0.17302800267934798,0.7611736714839936
11,0.35744347656766573,0.16785906702280046,0.7387894272804261
12,0.3455183270821969,0.16244011074304582,0.7124261349439621
13,0.3334683598826329,0.15696441233158112,0.6855476945638658
14,0.3213336270054181,0.15145019367337226,0.6584803819656374
15,0.3091419960061709,0.14591004326939583,0.6312864571809771
16,0.29691260067125164,0.14035269245505333,0.6065200001001361
17,0.2846585026135047,0.1347840040922165,0.5837085187435153
18,0.2723886214196682,0.12919251322746278,0.5608035892248155
19,0.26010914777716,0.12360998764634132,0.5378789931535722
20,0.24782456390559673,0.11814974434673786,0.5149421632289888
21,0.23553842194378377,0.11263263151049614,0.4919982805848123
22,0.2232539531091849,0.10683107450604439,0.46905123442411434
23,0.2109746193885803,0.1011975072324276,0.4461042553186418
24,0.19870470948517321,0.0955315452069044,0.4231605112552644
25,0.1864500115936001,0.08986936323344707,0.40022383928298955
26,0.1742186709617575,0.08386765606701374,0.37729924172163015
27,0.1620223008841276,0.07699822708964348,0.35439384877681734
28,0.14987737926344077,0.07064075097441673,0.3315180540084839
29,0.13780699840436378,0.06330864448100329,0.307568633556366
30,0.1258429233233134,0.057107324711978436,0.28287769556045533
31,0.1140277911350131,0.05124162193387747,0.25749372839927676
32,0.10241721753031015,0.04483973179012537,0.23240250349044803
33,0.09108126722276211,0.03979071415960789,0.20772220417857176
34,0.08010467652852336,0.0337262999266386,0.1836068585515023
35,0.0695850839279592,0.028486544359475376,0.16052341237664228
36,0.05962873154009382,0.023790002427995206,0.14095131978392603
37,0.05034348583469788,0.019142313022166492,0.12357613816857338
38,0.04182972071692347,0.01469204188324511,0.10438777767121794
39,0.034170284791228675,0.011620864644646645,0.08740628771483898
40,0.027421282110735773,0.009038794552907348,0.07220379002392292
41,0.02160542501369491,0.006626003398559987,0.05847169123589993
42,0.0167093088493372,0.0048082962865009906,0.04637211114168168
43,0.012685144041509678,0.003402654454112053,0.035690583102405075
44,0.009456563955948998,0.002382599748671055,0.026327912416309128
45,0.006927308706993548,0.00165055351681076,0.01905541606247426
46,0.004991099683684297,0.0011343141435645522,0.013560857903212318
47,0.0035409942607899816,0.0007722198672126979,0.009731780225411062
48,0.002476890518688985,0.0005216150253545493,0.00703785780351609
49,0.0017105011898577989,0.0003484357162960805,0.004975022212602199
50,0.0011677663318793445,0.00022972090664552525,0.003479806846007705
51,0.0007891536984485962,0.00015053443348733708,0.002358638867735863
52,0.0005285156672835001,9.834338779910468e-05,0.0015816151222679765
53,0.00035116704302102635,6.395965319825337e-05,0.0010635589016601444
54,0.00023171077150739924,4.141296121815685e-05,0.0007107943296432496
55,0.0001519570425080019,2.6708825134846848e-05,0.0004716878829640337
56,9.911853100978381e-05,1.716518299872405e-05,0.00031086185772437607
57,6.43460570214908e-05,1.099707492357993e-05,0.00020363220392027873
58,4.15965421287486e-05,7.025516970315949e-06,0.00013264616136439146
59,2.6789372346153564e-05,4.476824324228801e-06,8.576168438594323e-05
60,1.7195354222773554e-05,2.846132724698691e-06,5.5148515093605974e-05
