date,g_mean,g_q05,g_q95
2010-01,-0.6786935,-1.1323317646980284,-0.26652305722236624
2010-02,-0.72198224,-1.218144690990448,-0.30960562825202936
2010-03,-0.7653215,-1.2752650201320648,-0.36283944994211176
2010-04,-0.8078831,-1.334968137741089,-0.40399556159973127
2010-05,-0.84890616,-1.3824412107467652,-0.4348255187273025
2010-06,-0.88762677,-1.4336291313171385,-0.4597904205322265
2010-07,-0.92323864,-1.4879391610622406,-0.4869416177272796
2010-08,-0.9549565,-1.5199253559112549,-0.5163526833057402
2010-09,-0.98217416,-1.5491903662681579,-0.5368194669485091
2010-10,-1.0046219,-1.5890881717205048,-0.553708928823471
2010-11,-1.0224509,-1.6239912927150726,-0.5673721998929977
2010-12,-1.0362109,-1.6530133068561554,-0.5800808072090149
2011-01,-1.0467646,-1.6766042113304138,-0.579782372713089
2011-02,-1.0551008,-1.694748967885971,-0.5818870186805724
2011-03,-1.0620731,-1.7079667448997498,-0.5745922625064849
2011-04,-1.068101,-1.7033648371696473,-0.5945956677198407
2011-05,-1.0729123,-1.7080378174781798,-0.5955476194620131
2011-06,-1.0754858,-1.7179505050182342,-0.5844983249902724
2011-07,-1.0742899,-1.7084724605083466,-0.5839145720005036
2011-08,-1.0678844,-1.6816332459449768,-0.5717213422060012
2011-09,-1.0556077,-1.6831058740615845,-0.5570188522338866
2011-10,-1.0379691,-1.6640102684497833,-0.5336494117975235
2011-11,-1.0164629,-1.6402653992176055,-0.5229715138673782
2011-12,-0.99288166,-1.615340256690979,-0.5016800716519355
2012-01,-0.96858203,-1.5901048600673675,-0.4907404571771621
2012-02,-0.94416237,-1.5436697542667388,-0.4556844502687454
2012-03,-0.9196449,-1.4852003872394561,-0.4246168971061707
2012-04,-0.894907,-1.451431542634964,-0.3902096807956695
2012-05,-0.8700302,-1.4403403282165528,-0.3615585952997206
2012-06,-0.8454732,-1.404194962978363,-0.3366611659526825
2012-07,-0.8220957,-1.4146322011947632,-0.3018900170922279
2012-08,-0.8010487,-1.3756791412830354,-0.26981175839900967
2012-09,-0.7835423,-1.346729117631912,-0.2718785539269447
2012-10,-0.77047473,-1.3401798367500304,-0.2576109431684015
2012-11,-0.76208514,-1.3268376290798187,-0.25957297012209857
2012-12,-0.75784826,-1.306524658203125,-0.2519893012940882
2013-01,-0.7566369,-1.3012549519538879,-0.2492559224367141
2013-02,-0.7569924,-1.2956437826156615,-0.2715627148747443
2013-03,-0.7573529,-1.2699964463710784,-0.2890813305974004
2013-04,-0.7562473,-1.2544762790203094,-0.279226380586624
2013-05,-0.7524904,-1.2412465751171111,-0.27595953792333594
2013-06,-0.7453398,-1.24472616314888,-0.2764881148934364
2013-07,-0.73458815,-1.2329844653606414,-0.2718350529670715
2013-08,-0.72059476,-1.2396673440933228,-0.25926834493875495
2013-09,-0.7042564,-1.2425534844398498,-0.23646136075258234
2013-10,-0.68688357,-1.1916601955890656,-0.21157977059483524
2013-11,-0.66997933,-1.1789847254753112,-0.18146807774901383
2013-12,-0.65496945,-1.1596947729587554,-0.16808368265628815
2014-01,-0.6429737,-1.1425368189811707,-0.14802485555410377
2014-02,-0.634685,-1.1359933257102965,-0.138286317884922
2014-03,-0.63037395,-1.1366891741752625,-0.13822851702570915
2014-04,-0.6298924,-1.131231242418289,-0.1558968827128409
2014-05,-0.6325772,-1.1385941684246064,-0.16446409225463865
2014-06,-0.63710654,-1.1477129876613616,-0.1694419264793396
2014-07,-0.64154494,-1.1599669754505157,-0.16594725847244263
2014-08,-0.6437547,-1.1649762332439422,-0.17342288643121712
2014-09,-0.6421203,-1.1689476370811462,-0.18101695179939264
2014-10,-0.6362591,-1.157469493150711,-0.18223511129617675
2014-11,-0.62735903,-1.149254208803177,-0.15998023673891995
2014-12,-0.6179541,-1.1286640882492065,-0.13320070728659616
2015-01,-0.6112681,-1.1281618475914001,-0.11264570429921143
2015-02,-0.6104308,-1.1456985294818878,-0.10517155304551118
2015-03,-0.6178185,-1.1598700344562531,-0.1129430197179315
2015-04,-0.6346035,-1.1752229809761048,-0.13376267924904803
2015-05,-0.6605532,-1.1810419976711273,-0.16902938932180395
2015-06,-0.6941594,-1.2071213960647582,-0.20881612449884412
2015-07,-0.7330626,-1.2674222230911254,-0.2621621161699294
2015-08,-0.7746057,-1.3118259191513062,-0.3128785863518715
2015-09,-0.8162684,-1.3300300776958465,-0.3863467335700987
2015-10,-0.85578626,-1.3539758622646332,-0.42724036425352097
2015-11,-0.8910177,-1.3834469795227051,-0.4566534325480461
2015-12,-0.91980755,-1.3593512177467346,-0.50206673592329
2016-01,-0.9399892,-1.3739791810512543,-0.5179241806268691
2016-02,-0.94947743,-1.3805795431137085,-0.5268809735774994
2016-03,-0.94643074,-1.3919677495956422,-0.5348112374544142
2016-04,-0.9295623,-1.379613846540451,-0.5011285945773123
2016-05,-0.8985961,-1.3405823886394501,-0.46634388715028724
2016-06,-0.8547303,-1.2922753453254698,-0.3992479890584945
2016-07,-0.8008785,-1.2282989144325256,-0.3387436658143995
2016-08,-0.74148387,-1.1729140639305116,-0.2758935287594795
2016-09,-0.6817981,-1.0823929190635682,-0.2168289244174957
2016-10,-0.6267908,-1.009883499145508,-0.1668487533926963
2016-11,-0.58006185,-0.9696619540452956,-0.13690109848976134
2016-12,-0.54317343,-0.9361255556344986,-0.10176265947520732
2017-01,-0.5156222,-0.9040649443864822,-0.08789518065750573
2017-02,-0.49538904,-0.9011848777532577,-0.05444430727511627
2017-03,-0.47976807,-0.8788578629493713,-0.02192972023040055
2017-04,-0.46618602,-0.8382542192935943,-0.01499645439907898
2017-05,-0.4527863,-0.8155059933662414,0.007244315464049659
2017-06,-0.43865213,-0.7932544410228729,0.020635683927685024
2017-07,-0.42364198,-0.7696517288684845,0.006116593722254398
2017-08,-0.40803266,-0.7435837537050247,0.021026872843504317
2017-09,-0.39223495,-0.7277410089969635,0.04505100399255753
2017-10,-0.37673756,-0.7115056574344635,0.05208525657653828
2017-11,-0.36212906,-0.6894953310489654,0.053021879121661446
2017-12,-0.34899932,-0.6869653701782227,0.07561239525675775
2018-01,-0.33775318,-0.6778049618005753,0.06653664857149139
2018-02,-0.3284301,-0.6863110572099685,0.0648197192698719
2018-03,-0.32053286,-0.6779418230056763,0.05788448303937938
2018-04,-0.31290916,-0.6652143090963364,0.07313925810158263
2018-05,-0.30389395,-0.6570649474859238,0.08427274413406856
2018-06,-0.29174557,-0.6306947231292724,0.10027327612042432
2018-07,-0.27516887,-0.6232645571231842,0.11651367545127872
2018-08,-0.25353757,-0.6161733746528626,0.12736048325896268
2018-09,-0.22669674,-0.6017912209033967,0.1436859630048275
2018-10,-0.19453241,-0.5805638164281846,0.16407056599855427
2018-11,-0.15668902,-0.5381624460220337,0.20703863352537158
2018-12,-0.11270107,-0.4758365496993065,0.2590375304222107
2019-01,-0.062500395,-0.4232698202133179,0.31746858060359956
2019-02,-0.0070127686,-0.37753266990184786,0.3861140877008438
2019-03,0.05147133,-0.3264108642935753,0.4586955860257149
2019-04,0.10930241,-0.2638092771172523,0.5356313705444337
2019-05,0.16185099,-0.2091191157698631,0.5955932319164277
2019-06,0.20423815,-0.18210073113441466,0.6155465662479401
2019-07,0.23234937,-0.16045390963554382,0.630962759256363
2019-08,0.24390268,-0.1548850268125534,0.6413895964622499
2019-09,0.23923165,-0.16174656599760054,0.6410726696252824
2019-10,0.22141449,-0.18527735993266103,0.6271680235862732
2019-11,0.19561526,-0.21156538873910904,0.5873144745826723
2019-12,0.16784395,-0.232464512437582,0.5697530657052994
2020-01,0.14356592,-0.27835732996463775,0.5367872565984727
2020-02,0.12655385,-0.29284186363220216,0.5218309044837953
2020-03,0.11827779,-0.2923759564757347,0.5117723256349566
2020-04,0.11801416,-0.284050977230072,0.5210599184036256
2020-05,0.12354773,-0.27129327058792113,0.5264409959316254
2020-06,0.13214402,-0.25004292875528333,0.5141626924276353
2020-07,0.14147209,-0.23820100203156472,0.5146882802248002
2020-08,0.1502533,-0.2318250373005867,0.5203275442123414
2020-09,0.15842767,-0.2236410655081272,0.5288494259119034
2020-10,0.16680375,-0.2220570631325245,0.5374613791704178
2020-11,0.17642023,-0.20985261872410774,0.54279725253582
2020-12,0.18794054,-0.18834583535790442,0.550020107626915
2021-01,0.20125316,-0.17533480897545814,0.5554103136062623
2021-02,0.21537672,-0.16651397719979286,0.5746951520442963
2021-03,0.22872661,-0.1466616652905941,0.5907075613737106
2021-04,0.23965545,-0.12982991486787795,0.6032392024993897
2021-05,0.2469883,-0.1283303588628769,0.612299594283104
2021-06,0.2503822,-0.13505312651395798,0.6183058351278305
2021-07,0.25054228,-0.14247453361749648,0.6241090685129166
2021-08,0.24938393,-0.1390192024409771,0.6208210378885269
2021-09,0.24994934,-0.13888874500989914,0.610609832406044
2021-10,0.25588244,-0.1408212199807167,0.6054570049047473
2021-11,0.27040902,-0.11400691792368887,0.6193282127380373
2021-12,0.2951148,-0.08448995500802993,0.6479377567768098
2022-01,0.32903156,-0.04916312508285045,0.6980586349964142
2022-02,0.36854398,-0.0011188246193341834,0.7333394944667817
2022-03,0.40825832,0.04649204704910519,0.7962880939245225
2022-04,0.44249055,0.08182077929377557,0.8311607480049134
2022-05,0.46674892,0.10654267705976964,0.8557842761278153
2022-06,0.4787772,0.12056940384209157,0.860134968161583
2022-07,0.47908092,0.12034898661077023,0.8561893075704575
2022-08,0.4710771,0.11014140844345092,0.8454648345708847
2022-09,0.4608072,0.09772378318011762,0.8327870577573776
2022-10,0.4559376,0.09139321111142637,0.8311345547437669
2022-11,0.4639443,0.09096933491528035,0.8482430249452592
2022-12,0.48985463,0.10578384771943093,0.8827492713928222
2023-01,0.5343351,0.14065363034605982,0.9261882126331331
2023-02,0.5929974,0.1896143585443497,1.0005477964878082
2023-03,0.65743566,0.23401875793933868,1.077373415231705
2023-04,0.7178406,0.27839960902929306,1.1660702764987947
2023-05,0.7661507,0.30890338122844696,1.2241971015930175
2023-06,0.7983067,0.3323361203074455,1.256334400177002
2023-07,0.8146849,0.34409038722515106,1.2676821172237398
2023-08,0.8189175,0.35120096802711487,1.2679265916347504
2023-09,0.81600887,0.3532127052545548,1.268365651369095
2023-10,0.8106039,0.3455141738057137,1.2641839623451234
2023-11,0.8059037,0.34003644436597824,1.2613195478916168
2023-12,0.80334145,0.3384740635752678,1.2781138598918915
2024-01,0.8028363,0.3381152361631393,1.2869875490665437
2024-02,0.8034057,0.3421258971095085,1.2939916908740998
2024-03,0.8038904,0.3404818743467331,1.2966114282608034
2024-04,0.8035494,0.3399912968277931,1.2921533703804016
2024-05,0.8023097,0.3407705247402191,1.2844073891639711
2024-06,0.8006558,0.3407685413956642,1.2823838710784916
2024-07,0.7992397,0.33421879559755324,1.2832593679428104
2024-08,0.79845315,0.32836112231016157,1.2844871997833252
2024-09,0.7981528,0.32460018545389174,1.2777833282947542
2024-10,0.79762554,0.3248234733939171,1.2731010675430299
2024-11,0.7956985,0.32876289784908297,1.2813321173191072
2024-12,0.79091567,0.3253663927316666,1.2992325007915497
